{
  "SGD": {
    "train_losses": [
      0.48668436700769513,
      0.3374340286416606,
      0.31429725263921005,
      0.30216003954410553,
      0.294728540607962,
      0.2886187308754825,
      0.2843417671743021,
      0.2810294751289755,
      0.27817588555516226,
      0.27525761856375286
    ],
    "test_accuracies": [
      90.68,
      91.22,
      91.51,
      91.92,
      91.87,
      91.86,
      92.15,
      92.05,
      92.22,
      92.18
    ],
    "training_time": 68.3044261932373,
    "final_accuracy": 92.18
  },
  "Momentum": {
    "train_losses": [
      0.4891228302960147,
      0.33530169901089363,
      0.31311644437188785,
      0.30126312296502117,
      0.29379623712556907,
      0.2882876313993292,
      0.28366669854458193,
      0.2804565079669111,
      0.277326819932715,
      0.2749933023888494
    ],
    "test_accuracies": [
      90.56,
      91.36,
      91.55,
      91.72,
      91.88,
      91.97,
      92.01,
      92.09,
      92.24,
      92.02
    ],
    "training_time": 85.04958033561707,
    "final_accuracy": 92.02
  },
  "Adam": {
    "train_losses": [
      0.40144079935105775,
      0.2947920978651934,
      0.28146844586330994,
      0.2745238874125255,
      0.2691444646108066,
      0.265599104955404,
      0.26381844344826955,
      0.26058633828544503,
      0.2582686653855076,
      0.25674937479639365
    ],
    "test_accuracies": [
      91.21,
      91.94,
      91.37,
      92.19,
      92.36,
      92.45,
      92.26,
      92.49,
      92.26,
      92.52
    ],
    "training_time": 86.88221454620361,
    "final_accuracy": 92.52
  },
  "AdaBelief": {
    "train_losses": [
      0.38405313168903943,
      0.293775885317351,
      0.2812424943786803,
      0.27431404682856175,
      0.26946487521832163,
      0.26602072371125784,
      0.26312404696639824,
      0.2619878128700629,
      0.25931158620352146,
      0.25738141528149777
    ],
    "test_accuracies": [
      91.8,
      91.84,
      92.15,
      91.79,
      92.17,
      92.23,
      91.98,
      91.99,
      92.34,
      92.41
    ],
    "training_time": 88.84202146530151,
    "final_accuracy": 92.41
  },
  "RMSProp": {
    "train_losses": [
      0.3871497958192328,
      0.29675245124370003,
      0.28469683008347924,
      0.2786708168191085,
      0.2732958272717434,
      0.27026924265822244,
      0.2678039488515053,
      0.2659729897040185,
      0.26461311245681407,
      0.2624545498702551
    ],
    "test_accuracies": [
      91.83,
      91.78,
      91.79,
      92.28,
      91.93,
      92.65,
      92.33,
      92.47,
      92.15,
      92.21
    ],
    "training_time": 86.12288308143616,
    "final_accuracy": 92.21
  },
  "AdaGrad": {
    "train_losses": [
      0.6027832034185211,
      0.32536151598679935,
      0.29405970378421353,
      0.28282213435283204,
      0.27167320675194545,
      0.2656601609339964,
      0.2609684200542515,
      0.2577986901546542,
      0.2541510256236834,
      0.2507145553165208
    ],
    "test_accuracies": [
      91.43,
      91.85,
      91.53,
      92.12,
      91.28,
      92.01,
      92.15,
      92.02,
      92.38,
      92.09
    ],
    "training_time": 89.80512261390686,
    "final_accuracy": 92.09
  }
}