{
  "SGD": {
    "train_losses": [
      0.9339765746022852,
      0.38855419417410664,
      0.31021109904864386,
      0.2654771583057693,
      0.23262631678644796
    ],
    "test_accuracies": [
      89.59,
      92.14,
      93.31,
      94.26,
      94.82
    ],
    "training_time": 51.55669689178467,
    "final_accuracy": 94.82
  },
  "Momentum": {
    "train_losses": [
      0.9855761370175823,
      0.3879043243613571,
      0.30705071310402376,
      0.2613168584085754,
      0.22642672537291925
    ],
    "test_accuracies": [
      90.07,
      92.09,
      93.33,
      94.34,
      94.78
    ],
    "training_time": 56.929707765579224,
    "final_accuracy": 94.78
  },
  "Adam": {
    "train_losses": [
      0.2888559868175236,
      0.1354759214699745,
      0.10305707543808085,
      0.08613439108453629,
      0.07399827345264458
    ],
    "test_accuracies": [
      95.99,
      96.79,
      97.33,
      97.75,
      97.75
    ],
    "training_time": 64.47664475440979,
    "final_accuracy": 97.75
  },
  "AdaBelief": {
    "train_losses": [
      0.28061646388146266,
      0.13382237641387995,
      0.10234032125406461,
      0.08385202202557529,
      0.07499081506951098
    ],
    "test_accuracies": [
      95.88,
      96.9,
      97.24,
      97.52,
      97.28
    ],
    "training_time": 72.37333583831787,
    "final_accuracy": 97.28
  },
  "RMSProp": {
    "train_losses": [
      0.2807947239447915,
      0.13886412244038523,
      0.11123771638575261,
      0.09860177403282798,
      0.08875560097558306
    ],
    "test_accuracies": [
      96.54,
      97.05,
      97.61,
      97.45,
      97.74
    ],
    "training_time": 61.87837362289429,
    "final_accuracy": 97.74
  },
  "AdaGrad": {
    "train_losses": [
      1.741877264585964,
      0.31462711915020697,
      0.2558908744304666,
      0.2267036759669747,
      0.19634798571679266
    ],
    "test_accuracies": [
      92.76,
      94.41,
      95.09,
      95.29,
      95.6
    ],
    "training_time": 59.85323095321655,
    "final_accuracy": 95.6
  },
  "AdamW": {
    "train_losses": [
      0.2891424210119763,
      0.13352700829797234,
      0.1035581136313245,
      0.08281849290385525,
      0.07347843469279461
    ],
    "test_accuracies": [
      96.09,
      97.21,
      97.28,
      97.65,
      97.85
    ],
    "training_time": 71.16108441352844,
    "final_accuracy": 97.85
  }
}