{
  "SGD": {
    "train_losses": [
      0.9357576664378293,
      0.39062742652345045,
      0.31438390305045094,
      0.26839386552607564,
      0.231975700542931
    ],
    "test_accuracies": [
      89.51,
      92.03,
      93.28,
      94.19,
      94.85
    ],
    "training_time": 63.88074350357056,
    "final_accuracy": 94.85
  },
  "Momentum": {
    "train_losses": [
      0.9644060516950643,
      0.38869931794243967,
      0.30996577748013615,
      0.26269863055957154,
      0.23093747082762245
    ],
    "test_accuracies": [
      89.78,
      92.3,
      93.04,
      94.0,
      94.72
    ],
    "training_time": 73.30079460144043,
    "final_accuracy": 94.72
  },
  "Adam": {
    "train_losses": [
      0.2930277880519558,
      0.13568986492602253,
      0.10402115357496833,
      0.08484955197222248,
      0.0750174915731964
    ],
    "test_accuracies": [
      96.09,
      97.03,
      97.59,
      97.45,
      97.62
    ],
    "training_time": 77.02146482467651,
    "final_accuracy": 97.62
  },
  "AdaBelief": {
    "train_losses": [
      0.27975800758783853,
      0.1290812441324418,
      0.10148876423007362,
      0.08514505805187281,
      0.07402475104171792
    ],
    "test_accuracies": [
      96.19,
      96.89,
      97.63,
      97.52,
      97.71
    ],
    "training_time": 76.13249397277832,
    "final_accuracy": 97.71
  },
  "RMSProp": {
    "train_losses": [
      0.2816283193425721,
      0.1365314748251846,
      0.11042455195198807,
      0.09889782067971477,
      0.09097774315683912
    ],
    "test_accuracies": [
      95.82,
      97.08,
      97.62,
      97.64,
      97.69
    ],
    "training_time": 82.64205837249756,
    "final_accuracy": 97.69
  },
  "AdaGrad": {
    "train_losses": [
      1.8823984331093835,
      0.3125817145781494,
      0.25266659982343564,
      0.21575829781971484,
      0.19648050132838754
    ],
    "test_accuracies": [
      93.18,
      94.5,
      95.03,
      95.37,
      95.36
    ],
    "training_time": 80.45584917068481,
    "final_accuracy": 95.36
  },
  "AdamW": {
    "train_losses": [
      0.2918759829130783,
      0.1369637637995007,
      0.10341879341782234,
      0.08439211984897713,
      0.07499502985478904
    ],
    "test_accuracies": [
      96.05,
      97.02,
      97.42,
      97.77,
      97.89
    ],
    "training_time": 75.1622474193573,
    "final_accuracy": 97.89
  }
}