{
  "SGD": {
    "train_losses": [
      0.486684371633411,
      0.3374340347327751,
      0.3142972560025646,
      0.3021600397294873,
      0.2947285452336779,
      0.28861873365620866,
      0.2843417668035386,
      0.2810294782098436,
      0.2781758867115912,
      0.2752576201439116
    ],
    "test_accuracies": [
      90.68,
      91.22,
      91.51,
      91.92,
      91.87,
      91.86,
      92.15,
      92.05,
      92.22,
      92.18
    ],
    "training_time": 100.32334804534912,
    "final_accuracy": 92.18
  },
  "Momentum": {
    "train_losses": [
      0.4891228293073121,
      0.3353017057905689,
      0.313116447064337,
      0.3012631248453217,
      0.29379624296950785,
      0.28828763848797406,
      0.28366670078681827,
      0.2804565123277959,
      0.2773268248585728,
      0.27499330706753156
    ],
    "test_accuracies": [
      90.56,
      91.36,
      91.55,
      91.72,
      91.88,
      91.97,
      92.01,
      92.09,
      92.24,
      92.02
    ],
    "training_time": 112.54137301445007,
    "final_accuracy": 92.02
  },
  "Adam": {
    "train_losses": [
      0.401440804232777,
      0.29479210367382136,
      0.28146844997260523,
      0.27452389060815363,
      0.26914446736504966,
      0.2655991095281537,
      0.2638184496717995,
      0.2605863467512114,
      0.25826866466604986,
      0.2567493778287093
    ],
    "test_accuracies": [
      91.21,
      91.94,
      91.37,
      92.19,
      92.36,
      92.45,
      92.26,
      92.49,
      92.26,
      92.52
    ],
    "training_time": 128.52151441574097,
    "final_accuracy": 92.52
  },
  "AdaBelief": {
    "train_losses": [
      0.3840531352201203,
      0.29377588955464806,
      0.28124249891170533,
      0.2743140525621543,
      0.2694648819141337,
      0.2660207271805448,
      0.26312405275737083,
      0.2619878174207434,
      0.25931158520157727,
      0.25738142420189075
    ],
    "test_accuracies": [
      91.8,
      91.84,
      92.15,
      91.79,
      92.17,
      92.23,
      91.98,
      91.99,
      92.34,
      92.41
    ],
    "training_time": 133.90303421020508,
    "final_accuracy": 92.41
  },
  "RMSProp": {
    "train_losses": [
      0.3871497987853407,
      0.29675245423629104,
      0.28469683375580335,
      0.278670822168696,
      0.2732958332436839,
      0.27026924682048403,
      0.26780395137843505,
      0.2659729931468224,
      0.2646131203752629,
      0.26245455820801983
    ],
    "test_accuracies": [
      91.83,
      91.78,
      91.79,
      92.28,
      91.93,
      92.65,
      92.33,
      92.47,
      92.15,
      92.21
    ],
    "training_time": 123.45670962333679,
    "final_accuracy": 92.21
  },
  "AdaGrad": {
    "train_losses": [
      0.6027832480293138,
      0.3253615113919804,
      0.2940597057174803,
      0.2828221370982474,
      0.2716732199802571,
      0.2656601525741625,
      0.26096842625129846,
      0.25779869913684106,
      0.2541510290091072,
      0.2507145583400088
    ],
    "test_accuracies": [
      91.43,
      91.85,
      91.53,
      92.12,
      91.28,
      92.01,
      92.15,
      92.02,
      92.38,
      92.09
    ],
    "training_time": 119.47653865814209,
    "final_accuracy": 92.09
  }
}